Time_s,Time_ms,Voltage_Raw_V,Voltage_Filtered_V
0.000000000,0.000000,0.141400,0.142425
0.000000125,0.000125,0.138600,0.139398
0.000000250,0.000250,0.136600,0.136840
0.000000375,0.000375,0.135200,0.134734
0.000000500,0.000500,0.133600,0.133062
0.000000625,0.000625,0.132200,0.131810
0.000000750,0.000750,0.131600,0.130959
0.000000875,0.000875,0.131200,0.130492
0.000001000,0.001000,0.131200,0.130394
0.000001125,0.001125,0.131000,0.130647
0.000001250,0.001250,0.131600,0.131234
0.000001375,0.001375,0.132200,0.132140
0.000001500,0.001500,0.133600,0.133346
0.000001625,0.001625,0.134800,0.134836
0.000001750,0.001750,0.136600,0.136594
0.000001875,0.001875,0.138200,0.138602
0.000002000,0.002000,0.140400,0.140844
0.000002125,0.002125,0.143000,0.143303
0.000002250,0.002250,0.145400,0.145963
0.000002375,0.002375,0.148200,0.148806
0.000002500,0.002500,0.151000,0.151815
0.000002625,0.002625,0.153800,0.154975
0.000002750,0.002750,0.157800,0.158268
0.000002875,0.002875,0.161600,0.161677
0.000003000,0.003000,0.165000,0.165186
0.000003125,0.003125,0.168800,0.168778
0.000003250,0.003250,0.172600,0.172378
0.000003375,0.003375,0.176600,0.176015
0.000003500,0.003500,0.179800,0.179694
0.000003625,0.003625,0.184400,0.183390
0.000003750,0.003750,0.187800,0.187078
0.000003875,0.003875,0.191400,0.190731
0.000004000,0.004000,0.194800,0.194352
0.000004125,0.004125,0.199000,0.197918
0.000004250,0.004250,0.202400,0.201403
0.000004375,0.004375,0.206200,0.204776
0.000004500,0.004500,0.209000,0.208038
0.000004625,0.004625,0.212200,0.211170
0.000004750,0.004750,0.215600,0.214175
0.000004875,0.004875,0.218400,0.217005
0.000005000,0.005000,0.221200,0.219668
0.000005125,0.005125,0.224000,0.222138
0.000005250,0.005250,0.226000,0.224423
0.000005375,0.005375,0.228200,0.226518
0.000005500,0.005500,0.230400,0.228397
0.000005625,0.005625,0.231600,0.230070
0.000005750,0.005750,0.233000,0.231512
0.000005875,0.005875,0.234400,0.232726
0.000006000,0.006000,0.235600,0.233724
0.000006125,0.006125,0.236600,0.234506
0.000006250,0.006250,0.237000,0.235071
0.000006375,0.006375,0.237200,0.235413
0.000006500,0.006500,0.237400,0.235536
0.000006625,0.006625,0.237000,0.235446
0.000006750,0.006750,0.236800,0.235144
0.000006875,0.006875,0.236200,0.234650
0.000007000,0.007000,0.235400,0.233949
0.000007125,0.007125,0.234200,0.233063
0.000007250,0.007250,0.232800,0.231992
0.000007375,0.007375,0.231600,0.230775
0.000007500,0.007500,0.230200,0.229405
0.000007625,0.007625,0.228600,0.227895
0.000007750,0.007750,0.226600,0.226229
0.000007875,0.007875,0.224400,0.224445
0.000008000,0.008000,0.222800,0.222558
0.000008125,0.008125,0.220800,0.220580
0.000008250,0.008250,0.218800,0.218522
0.000008375,0.008375,0.216400,0.216406
0.000008500,0.008500,0.214000,0.214228
0.000008625,0.008625,0.211800,0.212016
0.000008750,0.008750,0.209200,0.209788
0.000008875,0.008875,0.207000,0.207532
0.000009000,0.009000,0.204400,0.205281
0.000009125,0.009125,0.202400,0.203040
0.000009250,0.009250,0.200200,0.200832
0.000009375,0.009375,0.197600,0.198659
0.000009500,0.009500,0.195600,0.196547
0.000009625,0.009625,0.193600,0.194485
0.000009750,0.009750,0.191800,0.192505
0.000009875,0.009875,0.189400,0.190594
0.000010000,0.010000,0.188000,0.188770
0.000010125,0.010125,0.186400,0.187039
0.000010250,0.010250,0.184600,0.185415
0.000010375,0.010375,0.183000,0.183878
0.000010500,0.010500,0.181400,0.182461
0.000010625,0.010625,0.179800,0.181168
0.000010750,0.010750,0.178800,0.180003
0.000010875,0.010875,0.178000,0.178962
0.000011000,0.011000,0.177000,0.178041
0.000011125,0.011125,0.176400,0.177231
0.000011250,0.011250,0.175600,0.176562
0.000011375,0.011375,0.175200,0.176037
0.000011500,0.011500,0.174800,0.175645
0.000011625,0.011625,0.174600,0.175365
0.000011750,0.011750,0.174400,0.175234
0.000011875,0.011875,0.174400,0.175197
0.000012000,0.012000,0.174600,0.175294
0.000012125,0.012125,0.174600,0.175495
0.000012250,0.012250,0.175200,0.175814
0.000012375,0.012375,0.175600,0.176242
0.000012500,0.012500,0.176600,0.176786
0.000012625,0.012625,0.176800,0.177423
0.000012750,0.012750,0.177800,0.178165
0.000012875,0.012875,0.178400,0.178981
0.000013000,0.013000,0.179400,0.179885
0.000013125,0.013125,0.180600,0.180854
0.000013250,0.013250,0.181800,0.181906
0.000013375,0.013375,0.182800,0.183040
0.000013500,0.013500,0.184600,0.184218
0.000013625,0.013625,0.185400,0.185440
0.000013750,0.013750,0.186600,0.186692
0.000013875,0.013875,0.187800,0.187970
0.000014000,0.014000,0.189200,0.189274
0.000014125,0.014125,0.190600,0.190611
0.000014250,0.014250,0.192200,0.191952
0.000014375,0.014375,0.193600,0.193305
0.000014500,0.014500,0.194600,0.194640
0.000014625,0.014625,0.196000,0.195979
0.000014750,0.014750,0.197800,0.197279
0.000014875,0.014875,0.198200,0.198565
0.000015000,0.015000,0.200600,0.199822
0.000015125,0.015125,0.201200,0.201033
0.000015250,0.015250,0.203000,0.202195
0.000015375,0.015375,0.203800,0.203301
0.000015500,0.015500,0.205200,0.204361
0.000015625,0.015625,0.206000,0.205358
0.000015750,0.015750,0.206800,0.206304
0.000015875,0.015875,0.207400,0.207166
0.000016000,0.016000,0.208800,0.207956
0.000016125,0.016125,0.209600,0.208662
0.000016250,0.016250,0.210200,0.209302
0.000016375,0.016375,0.210800,0.209864
0.000016500,0.016500,0.210800,0.210341
0.000016625,0.016625,0.211400,0.210737
0.000016750,0.016750,0.211800,0.211068
0.000016875,0.016875,0.212200,0.211305
0.000017000,0.017000,0.212200,0.211463
0.000017125,0.017125,0.212400,0.211529
0.000017250,0.017250,0.212000,0.211518
0.000017375,0.017375,0.212000,0.211431
0.000017500,0.017500,0.211600,0.211272
0.000017625,0.017625,0.211600,0.211051
0.000017750,0.017750,0.210800,0.210746
0.000017875,0.017875,0.211000,0.210373
0.000018000,0.018000,0.210200,0.209929
0.000018125,0.018125,0.209400,0.209414
0.000018250,0.018250,0.209000,0.208874
0.000018375,0.018375,0.208600,0.208260
0.000018500,0.018500,0.207800,0.207616
0.000018625,0.018625,0.207000,0.206936
0.000018750,0.018750,0.206200,0.206223
0.000018875,0.018875,0.205400,0.205468
0.000019000,0.019000,0.204600,0.204690
0.000019125,0.019125,0.204000,0.203880
0.000019250,0.019250,0.203200,0.203069
0.000019375,0.019375,0.202000,0.202257
0.000019500,0.019500,0.201200,0.201429
0.000019625,0.019625,0.200600,0.200606
0.000019750,0.019750,0.199600,0.199767
0.000019875,0.019875,0.198800,0.198949
0.000020000,0.020000,0.198000,0.198154
0.000020125,0.020125,0.197000,0.197372
0.000020250,0.020250,0.196400,0.196613
0.000020375,0.020375,0.195600,0.195883
0.000020500,0.020500,0.194800,0.195177
0.000020625,0.020625,0.194200,0.194500
0.000020750,0.020750,0.193200,0.193854
0.000020875,0.020875,0.192600,0.193249
0.000021000,0.021000,0.192000,0.192669
0.000021125,0.021125,0.192200,0.192147
0.000021250,0.021250,0.191200,0.191676
0.000021375,0.021375,0.190800,0.191240
0.000021500,0.021500,0.190600,0.190853
0.000021625,0.021625,0.190400,0.190519
0.000021750,0.021750,0.189600,0.190241
0.000021875,0.021875,0.189600,0.190006
0.000022000,0.022000,0.189600,0.189812
0.000022125,0.022125,0.189200,0.189669
0.000022250,0.022250,0.189200,0.189568
0.000022375,0.022375,0.189200,0.189532
0.000022500,0.022500,0.189000,0.189548
0.000022625,0.022625,0.189400,0.189601
0.000022750,0.022750,0.189400,0.189691
0.000022875,0.022875,0.189800,0.189839
0.000023000,0.023000,0.189800,0.190025
0.000023125,0.023125,0.189800,0.190256
0.000023250,0.023250,0.190400,0.190519
0.000023375,0.023375,0.190600,0.190816
0.000023500,0.023500,0.191000,0.191158
0.000023625,0.023625,0.191200,0.191525
0.000023750,0.023750,0.191800,0.191917
0.000023875,0.023875,0.192200,0.192336
0.000024000,0.024000,0.192800,0.192760
0.000024125,0.024125,0.193400,0.193200
0.000024250,0.024250,0.194000,0.193663
0.000024375,0.024375,0.194000,0.194168
0.000024500,0.024500,0.194600,0.194672
0.000024625,0.024625,0.195200,0.195176
0.000024750,0.024750,0.195800,0.195688
0.000024875,0.024875,0.196000,0.196203
0.000025000,0.025000,0.196600,0.196703
0.000025125,0.025125,0.197400,0.197200
0.000025250,0.025250,0.197800,0.197696
0.000025375,0.025375,0.198600,0.198170
0.000025500,0.025500,0.198800,0.198638
0.000025625,0.025625,0.199200,0.199209
0.000025750,0.025750,0.199600,0.199697
0.000025875,0.025875,0.200400,0.200141
0.000026000,0.026000,0.200600,0.200632
0.000026125,0.026125,0.201000,0.201187
0.000026250,0.026250,0.201200,0.201798
0.000026375,0.026375,0.201800,0.202460
0.000026500,0.026500,0.202000,0.203169
0.000026625,0.026625,0.202000,0.203891
0.000026750,0.026750,0.202400,0.204629
0.000026875,0.026875,0.202600,0.205345
0.000027000,0.027000,0.202800,0.206022
0.000027125,0.027125,0.203200,0.206623
0.000027250,0.027250,0.203400,0.207134
0.000027375,0.027375,0.203200,0.207523
0.000027500,0.027500,0.203000,0.207755
0.000027625,0.027625,0.202800,0.207767
0.000027750,0.027750,0.203000,0.207556
0.000027875,0.027875,0.203000,0.207105
0.000028000,0.028000,0.203000,0.206369
0.000028125,0.028125,0.202800,0.205329
0.000028250,0.028250,0.202800,0.203962
0.000028375,0.028375,0.202600,0.202254
0.000028500,0.028500,0.202600,0.200178
0.000028625,0.028625,0.202200,0.197721
0.000028750,0.028750,0.197600,0.194860
0.000028875,0.028875,0.198600,0.191565
0.000029000,0.029000,0.199000,0.187845
0.000029125,0.029125,0.195600,0.183711
0.000029250,0.029250,0.191200,0.179130
0.000029375,0.029375,0.185800,0.174103
0.000029500,0.029500,0.179400,0.168619
0.000029625,0.029625,0.172600,0.162703
0.000029750,0.029750,0.165400,0.156341
0.000029875,0.029875,0.157000,0.149543
0.000030000,0.030000,0.148400,0.142340
0.000030125,0.030125,0.139400,0.134734
0.000030250,0.030250,0.130200,0.126742
0.000030375,0.030375,0.120400,0.118431
0.000030500,0.030500,0.110400,0.109777
0.000030625,0.030625,0.100400,0.100798
0.000030750,0.030750,0.090800,0.091561
0.000030875,0.030875,0.080800,0.082079
0.000031000,0.031000,0.070400,0.072409
0.000031125,0.031125,0.060600,0.062589
0.000031250,0.031250,0.050200,0.052675
0.000031375,0.031375,0.040200,0.042707
0.000031500,0.031500,0.030200,0.032749
0.000031625,0.031625,0.020200,0.022836
0.000031750,0.031750,0.010600,0.013059
0.000031875,0.031875,0.000800,0.003451
0.000032000,0.032000,-0.008000,-0.006052
0.000032125,0.032125,-0.017200,-0.015245
0.000032250,0.032250,-0.026400,-0.024042
0.000032375,0.032375,-0.035000,-0.032527
0.000032500,0.032500,-0.043200,-0.040659
0.000032625,0.032625,-0.050800,-0.048433
0.000032750,0.032750,-0.058400,-0.055825
0.000032875,0.032875,-0.065200,-0.062812
0.000033000,0.033000,-0.071800,-0.069371
0.000033125,0.033125,-0.078200,-0.075490
0.000033250,0.033250,-0.083800,-0.081169
0.000033375,0.033375,-0.088800,-0.086392
0.000033500,0.033500,-0.094600,-0.091144
0.000033625,0.033625,-0.098400,-0.095415
0.000033750,0.033750,-0.101600,-0.099213
0.000033875,0.033875,-0.105400,-0.102526
0.000034000,0.034000,-0.108000,-0.105331
0.000034125,0.034125,-0.110200,-0.107631
0.000034250,0.034250,-0.111800,-0.109427
0.000034375,0.034375,-0.113200,-0.110715
0.000034500,0.034500,-0.114000,-0.111518
0.000034625,0.034625,-0.114400,-0.111829
0.000034750,0.034750,-0.113800,-0.111628
0.000034875,0.034875,-0.113600,-0.110982
0.000035000,0.035000,-0.112400,-0.109869
0.000035125,0.035125,-0.111000,-0.108335
0.000035250,0.035250,-0.108600,-0.106336
0.000035375,0.035375,-0.106800,-0.103928
0.000035500,0.035500,-0.103400,-0.101112
0.000035625,0.035625,-0.100200,-0.097972
0.000035750,0.035750,-0.096200,-0.094472
0.000035875,0.035875,-0.092200,-0.090631
0.000036000,0.036000,-0.087800,-0.086493
0.000036125,0.036125,-0.083000,-0.082065
0.000036250,0.036250,-0.078600,-0.077383
0.000036375,0.036375,-0.073200,-0.072478
0.000036500,0.036500,-0.067800,-0.067352
0.000036625,0.036625,-0.062200,-0.062056
0.000036750,0.036750,-0.056800,-0.056647
0.000036875,0.036875,-0.050800,-0.051107
0.000037000,0.037000,-0.044800,-0.045466
0.000037125,0.037125,-0.038800,-0.039758
0.000037250,0.037250,-0.032800,-0.034018
0.000037375,0.037375,-0.027200,-0.028256
0.000037500,0.037500,-0.021200,-0.022510
0.000037625,0.037625,-0.015200,-0.016785
0.000037750,0.037750,-0.009400,-0.011147
0.000037875,0.037875,-0.004800,-0.005593
0.000038000,0.038000,0.001400,-0.000144
0.000038125,0.038125,0.006600,0.005159
0.000038250,0.038250,0.012400,0.010299
0.000038375,0.038375,0.016800,0.015253
0.000038500,0.038500,0.021600,0.020000
0.000038625,0.038625,0.025200,0.024509
0.000038750,0.038750,0.031000,0.028791
0.000038875,0.038875,0.034800,0.032817
0.000039000,0.039000,0.038400,0.036575
0.000039125,0.039125,0.042000,0.040055
0.000039250,0.039250,0.045200,0.043256
0.000039375,0.039375,0.048200,0.046152
0.000039500,0.039500,0.050800,0.048733
0.000039625,0.039625,0.052600,0.050997
0.000039750,0.039750,0.055000,0.052953
0.000039875,0.039875,0.056800,0.054587
0.000040000,0.040000,0.058200,0.055907
0.000040125,0.040125,0.059600,0.056910
0.000040250,0.040250,0.059800,0.057604
0.000040375,0.040375,0.060600,0.057989
0.000040500,0.040500,0.060400,0.058067
0.000040625,0.040625,0.060400,0.057841
0.000040750,0.040750,0.059000,0.057339
0.000040875,0.040875,0.058800,0.056557
0.000041000,0.041000,0.057200,0.055501
0.000041125,0.041125,0.055800,0.054153
0.000041250,0.041250,0.053800,0.052579
0.000041375,0.041375,0.051800,0.050762
0.000041500,0.041500,0.049400,0.048745
0.000041625,0.041625,0.047400,0.046502
0.000041750,0.041750,0.044600,0.044075
0.000041875,0.041875,0.041800,0.041444
0.000042000,0.042000,0.038800,0.038698
0.000042125,0.042125,0.036000,0.035817
0.000042250,0.042250,0.032800,0.032813
0.000042375,0.042375,0.029200,0.029706
0.000042500,0.042500,0.026200,0.026521
0.000042625,0.042625,0.022600,0.023278
0.000042750,0.042750,0.019600,0.019969
0.000042875,0.042875,0.016000,0.016622
0.000043000,0.043000,0.012800,0.013283
0.000043125,0.043125,0.009000,0.009945
0.000043250,0.043250,0.005800,0.006629
0.000043375,0.043375,0.002400,0.003377
0.000043500,0.043500,-0.000800,0.000160
0.000043625,0.043625,-0.003800,-0.002970
0.000043750,0.043750,-0.007000,-0.006037
0.000043875,0.043875,-0.010400,-0.008985
0.000044000,0.044000,-0.013200,-0.011856
0.000044125,0.044125,-0.015800,-0.014584
0.000044250,0.044250,-0.018400,-0.017194
0.000044375,0.044375,-0.021000,-0.019656
0.000044500,0.044500,-0.023200,-0.021986
0.000044625,0.044625,-0.025400,-0.024148
0.000044750,0.044750,-0.027200,-0.026184
0.000044875,0.044875,-0.029200,-0.028026
0.000045000,0.045000,-0.030800,-0.029727
0.000045125,0.045125,-0.032200,-0.031251
0.000045250,0.045250,-0.033800,-0.032604
0.000045375,0.045375,-0.035000,-0.033777
0.000045500,0.045500,-0.035800,-0.034764
0.000045625,0.045625,-0.036800,-0.035588
0.000045750,0.045750,-0.037600,-0.036217
0.000045875,0.045875,-0.037400,-0.036665
0.000046000,0.046000,-0.037800,-0.036934
0.000046125,0.046125,-0.038200,-0.037047
0.000046250,0.046250,-0.037800,-0.036962
0.000046375,0.046375,-0.037400,-0.036730
0.000046500,0.046500,-0.037400,-0.036333
0.000046625,0.046625,-0.036600,-0.035791
0.000046750,0.046750,-0.036000,-0.035075
0.000046875,0.046875,-0.034600,-0.034225
0.000047000,0.047000,-0.034000,-0.033246
0.000047125,0.047125,-0.032600,-0.032146
0.000047250,0.047250,-0.031400,-0.030934
0.000047375,0.047375,-0.030000,-0.029596
0.000047500,0.047500,-0.028800,-0.028154
0.000047625,0.047625,-0.027000,-0.026629
0.000047750,0.047750,-0.026000,-0.024999
0.000047875,0.047875,-0.023400,-0.023310
0.000048000,0.048000,-0.022200,-0.021549
0.000048125,0.048125,-0.019600,-0.019728
0.000048250,0.048250,-0.017800,-0.017873
0.000048375,0.048375,-0.015800,-0.015970
0.000048500,0.048500,-0.013600,-0.014052
0.000048625,0.048625,-0.011800,-0.012119
0.000048750,0.048750,-0.009600,-0.010168
0.000048875,0.048875,-0.007800,-0.008235
0.000049000,0.049000,-0.006200,-0.006310
0.000049125,0.049125,-0.004000,-0.004404
0.000049250,0.049250,-0.001600,-0.002532
0.000049375,0.049375,-0.000400,-0.000717
0.000049500,0.049500,0.001600,0.001055
0.000049625,0.049625,0.003400,0.002771
0.000049750,0.049750,0.005400,0.004415
0.000049875,0.049875,0.006200,0.005990
0.000050000,0.050000,0.008200,0.007489
0.000050125,0.050125,0.009800,0.008919
0.000050250,0.050250,0.011000,0.010251
0.000050375,0.050375,0.012600,0.011491
0.000050500,0.050500,0.013400,0.012631
0.000050625,0.050625,0.014400,0.013659
0.000050750,0.050750,0.015600,0.014589
0.000050875,0.050875,0.015800,0.015404
0.000051000,0.051000,0.017000,0.016086
0.000051125,0.051125,0.017600,0.016679
0.000051250,0.051250,0.017800,0.017151
0.000051375,0.051375,0.018600,0.017520
0.000051500,0.051500,0.018600,0.017774
0.000051625,0.051625,0.018800,0.017926
0.000051750,0.051750,0.018800,0.017968
0.000051875,0.051875,0.018400,0.017907
0.000052000,0.052000,0.018400,0.017752
0.000052125,0.052125,0.017600,0.017480
0.000052250,0.052250,0.017600,0.017101
0.000052375,0.052375,0.017000,0.016633
0.000052500,0.052500,0.016600,0.016097
0.000052625,0.052625,0.016000,0.015448
0.000052750,0.052750,0.015400,0.014735
0.000052875,0.052875,0.014400,0.013943
0.000053000,0.053000,0.013600,0.013097
0.000053125,0.053125,0.012400,0.012175
0.000053250,0.053250,0.011400,0.011203
0.000053375,0.053375,0.010200,0.010201
0.000053500,0.053500,0.009200,0.009143
0.000053625,0.053625,0.008000,0.008066
0.000053750,0.053750,0.007200,0.006952
0.000053875,0.053875,0.005400,0.005811
0.000054000,0.054000,0.004600,0.004674
0.000054125,0.054125,0.003400,0.003502
0.000054250,0.054250,0.002200,0.002344
0.000054375,0.054375,0.000600,0.001193
0.000054500,0.054500,-0.000200,0.000048
0.000054625,0.054625,-0.001400,-0.001074
0.000054750,0.054750,-0.002800,-0.002191
0.000054875,0.054875,-0.003600,-0.003268
0.000055000,0.055000,-0.005000,-0.004315
0.000055125,0.055125,-0.006200,-0.005335
0.000055250,0.055250,-0.006800,-0.006313
0.000055375,0.055375,-0.007800,-0.007254
0.000055500,0.055500,-0.008600,-0.008145
0.000055625,0.055625,-0.009600,-0.008999
0.000055750,0.055750,-0.010000,-0.009792
0.000055875,0.055875,-0.011000,-0.010521
0.000056000,0.056000,-0.011400,-0.011183
0.000056125,0.056125,-0.012000,-0.011773
0.000056250,0.056250,-0.012800,-0.012301
0.000056375,0.056375,-0.013000,-0.012780
0.000056500,0.056500,-0.013800,-0.013189
0.000056625,0.056625,-0.013800,-0.013540
0.000056750,0.056750,-0.014200,-0.013819
0.000056875,0.056875,-0.014400,-0.014037
0.000057000,0.057000,-0.014400,-0.014181
0.000057125,0.057125,-0.014800,-0.014276
0.000057250,0.057250,-0.014600,-0.014289
0.000057375,0.057375,-0.014600,-0.014239
0.000057500,0.057500,-0.014600,-0.014130
0.000057625,0.057625,-0.014600,-0.013991
0.000057750,0.057750,-0.014200,-0.013780
0.000057875,0.057875,-0.013600,-0.013521
0.000058000,0.058000,-0.013600,-0.013214
0.000058125,0.058125,-0.013200,-0.012846
0.000058250,0.058250,-0.012800,-0.012446
0.000058375,0.058375,-0.012200,-0.011992
0.000058500,0.058500,-0.012000,-0.011507
0.000058625,0.058625,-0.011200,-0.010978
0.000058750,0.058750,-0.010200,-0.010411
0.000058875,0.058875,-0.009600,-0.009820
0.000059000,0.059000,-0.009000,-0.009199
0.000059125,0.059125,-0.008400,-0.008558
0.000059250,0.059250,-0.008200,-0.007900
0.000059375,0.059375,-0.007400,-0.007213
0.000059500,0.059500,-0.006400,-0.006539
0.000059625,0.059625,-0.005800,-0.005844
0.000059750,0.059750,-0.005000,-0.005158
0.000059875,0.059875,-0.004400,-0.004459
0.000060000,0.060000,-0.003600,-0.003781
0.000060125,0.060125,-0.002800,-0.003096
0.000060250,0.060250,-0.002200,-0.002423
0.000060375,0.060375,-0.001800,-0.001761
0.000060500,0.060500,-0.001200,-0.001125
0.000060625,0.060625,-0.000600,-0.000510
0.000060750,0.060750,0.000600,0.000077
0.000060875,0.060875,0.001000,0.000641
0.000061000,0.061000,0.001800,0.001178
0.000061125,0.061125,0.002200,0.001701
0.000061250,0.061250,0.002600,0.002183
0.000061375,0.061375,0.003200,0.002624
0.000061500,0.061500,0.003000,0.003034
0.000061625,0.061625,0.004000,0.003410
0.000061750,0.061750,0.004000,0.003741
0.000061875,0.061875,0.004200,0.004026
0.000062000,0.062000,0.004400,0.004294
0.000062125,0.062125,0.004800,0.004517
0.000062250,0.062250,0.004800,0.004699
0.000062375,0.062375,0.005200,0.004845
0.000062500,0.062500,0.004800,0.004935
0.000062625,0.062625,0.005400,0.004981
0.000062750,0.062750,0.005200,0.005003
0.000062875,0.062875,0.005200,0.004983
0.000063000,0.063000,0.005000,0.004933
0.000063125,0.063125,0.005400,0.004833
0.000063250,0.063250,0.004800,0.004713
0.000063375,0.063375,0.004800,0.004563
0.000063500,0.063500,0.004200,0.004364
0.000063625,0.063625,0.004400,0.004134
0.000063750,0.063750,0.004200,0.003887
0.000063875,0.063875,0.004000,0.003589
0.000064000,0.064000,0.003400,0.003278
0.000064125,0.064125,0.003200,0.002942
0.000064250,0.064250,0.002600,0.002596
0.000064375,0.064375,0.002200,0.002233
0.000064500,0.064500,0.002000,0.001861
0.000064625,0.064625,0.001400,0.001477
0.000064750,0.064750,0.001000,0.001313
0.000064875,0.064875,0.000400,0.000834
0.000065000,0.065000,0.000400,0.000314
0.000065125,0.065125,-0.000400,-0.000279
0.000065250,0.065250,-0.000600,-0.000941
0.000065375,0.065375,-0.001000,-0.001661
0.000065500,0.065500,-0.001600,-0.002460
0.000065625,0.065625,-0.002000,-0.003302
0.000065750,0.065750,-0.002200,-0.004204
0.000065875,0.065875,-0.002800,-0.005125
0.000066000,0.066000,-0.003200,-0.006064
0.000066125,0.066125,-0.003800,-0.006972
0.000066250,0.066250,-0.003800,-0.007838
0.000066375,0.066375,-0.004600,-0.008629
0.000066500,0.066500,-0.005000,-0.009325
0.000066625,0.066625,-0.004800,-0.009885
0.000066750,0.066750,-0.005400,-0.010294
0.000066875,0.066875,-0.006200,-0.010483
0.000067000,0.067000,-0.005800,-0.010462
0.000067125,0.067125,-0.005800,-0.010200
0.000067250,0.067250,-0.006000,-0.009667
0.000067375,0.067375,-0.006200,-0.008821
0.000067500,0.067500,-0.006400,-0.007653
0.000067625,0.067625,-0.006800,-0.006139
0.000067750,0.067750,-0.006800,-0.004233
0.000067875,0.067875,-0.016200,-0.001925
0.000068000,0.068000,-0.006000,0.000800
0.000068125,0.068125,-0.004800,0.003953
0.000068250,0.068250,-0.001800,0.007551
0.000068375,0.068375,0.001800,0.011620
0.000068500,0.068500,0.006000,0.016155
0.000068625,0.068625,0.011600,0.021170
0.000068750,0.068750,0.017400,0.026674
0.000068875,0.068875,0.024200,0.032659
0.000069000,0.069000,0.031800,0.039125
0.000069125,0.069125,0.040000,0.046062
0.000069250,0.069250,0.048000,0.053461
0.000069375,0.069375,0.056800,0.061290
0.000069500,0.069500,0.066400,0.069566
0.000069625,0.069625,0.075800,0.078226
0.000069750,0.069750,0.085600,0.087269
0.000069875,0.069875,0.095600,0.096665
0.000070000,0.070000,0.105200,0.106373
0.000070125,0.070125,0.116000,0.116341
0.000070250,0.070250,0.127000,0.126560
0.000070375,0.070375,0.137600,0.136955
0.000070500,0.070500,0.148200,0.147492
0.000070625,0.070625,0.159000,0.158134
0.000070750,0.070750,0.170000,0.168799
0.000070875,0.070875,0.180400,0.179411
0.000071000,0.071000,0.190600,0.189928
0.000071125,0.071125,0.201000,0.199980
0.000071250,0.071250,0.211200,0.210056
0.000071375,0.071375,0.221800,0.219839
0.000071500,0.071500,0.230800,0.229315
0.000071625,0.071625,0.240600,0.238443
0.000071750,0.071750,0.249600,0.247179
0.000071875,0.071875,0.257800,0.255517
0.000072000,0.072000,0.266000,0.263382
0.000072125,0.072125,0.273800,0.270759
0.000072250,0.072250,0.280800,0.277627
0.000072375,0.072375,0.287400,0.283971
0.000072500,0.072500,0.293800,0.289755
0.000072625,0.072625,0.299000,0.294948
0.000072750,0.072750,0.304200,0.299556
0.000072875,0.072875,0.308200,0.303536
0.000073000,0.073000,0.312200,0.306893
0.000073125,0.073125,0.315000,0.309620
0.000073250,0.073250,0.317200,0.311695
0.000073375,0.073375,0.318800,0.313141
0.000073500,0.073500,0.320400,0.313958
0.000073625,0.073625,0.320600,0.314153
0.000073750,0.073750,0.319400,0.313712
0.000073875,0.073875,0.318200,0.312688
0.000074000,0.074000,0.316600,0.311081
0.000074125,0.074125,0.313800,0.308919
0.000074250,0.074250,0.310200,0.306194
0.000074375,0.074375,0.306400,0.302965
0.000074500,0.074500,0.302400,0.299256
0.000074625,0.074625,0.297800,0.295124
0.000074750,0.074750,0.292600,0.290560
0.000074875,0.074875,0.287000,0.285629
0.000075000,0.075000,0.280600,0.280345
0.000075125,0.075125,0.274800,0.274738
0.000075250,0.075250,0.268600,0.268871
0.000075375,0.075375,0.262200,0.262777
0.000075500,0.075500,0.255400,0.256494
0.000075625,0.075625,0.248200,0.250073
0.000075750,0.075750,0.241600,0.243557
0.000075875,0.075875,0.234600,0.236961
0.000076000,0.076000,0.228200,0.230351
0.000076125,0.076125,0.221400,0.223751
0.000076250,0.076250,0.214600,0.217219
0.000076375,0.076375,0.207800,0.210759
0.000076500,0.076500,0.201400,0.204417
0.000076625,0.076625,0.195400,0.198231
0.000076750,0.076750,0.189200,0.192238
0.000076875,0.076875,0.184000,0.186459
0.000077000,0.077000,0.178000,0.180880
0.000077125,0.077125,0.173000,0.175551
0.000077250,0.077250,0.167600,0.170502
0.000077375,0.077375,0.163400,0.165710
0.000077500,0.077500,0.158800,0.161196
0.000077625,0.077625,0.154600,0.156996
0.000077750,0.077750,0.150600,0.153128
0.000077875,0.077875,0.147000,0.149579
0.000078000,0.078000,0.143800,0.146344
0.000078125,0.078125,0.141400,0.143444
0.000078250,0.078250,0.139200,0.140876
0.000078375,0.078375,0.137000,0.138660
0.000078500,0.078500,0.135400,0.136801
0.000078625,0.078625,0.134000,0.135286
0.000078750,0.078750,0.132600,0.134117
0.000078875,0.078875,0.131800,0.133272
0.000079000,0.079000,0.131600,0.132764
0.000079125,0.079125,0.131400,0.132579
0.000079250,0.079250,0.131400,0.132726
0.000079375,0.079375,0.131600,0.133186
0.000079500,0.079500,0.132600,0.133943
0.000079625,0.079625,0.133600,0.134979
0.000079750,0.079750,0.134600,0.136297
0.000079875,0.079875,0.136400,0.137902
0.000080000,0.080000,0.138000,0.139736
0.000080125,0.080125,0.140400,0.141850
0.000080250,0.080250,0.142600,0.144162
0.000080375,0.080375,0.145000,0.146704
0.000080500,0.080500,0.148400,0.149430
0.000080625,0.080625,0.151600,0.152345
0.000080750,0.080750,0.154400,0.155407
0.000080875,0.080875,0.157400,0.158605
0.000081000,0.081000,0.161200,0.161929
0.000081125,0.081125,0.165400,0.165358
0.000081250,0.081250,0.169200,0.168868
0.000081375,0.081375,0.172800,0.172455
0.000081500,0.081500,0.176600,0.176091
0.000081625,0.081625,0.180200,0.179760
0.000081750,0.081750,0.184200,0.183461
0.000081875,0.081875,0.187800,0.187152
0.000082000,0.082000,0.191600,0.190816
0.000082125,0.082125,0.195400,0.194436
0.000082250,0.082250,0.199000,0.198003
0.000082375,0.082375,0.202600,0.201490
0.000082500,0.082500,0.206000,0.204868
0.000082625,0.082625,0.209400,0.208124
0.000082750,0.082750,0.212800,0.211264
0.000082875,0.082875,0.215800,0.214266
0.000083000,0.083000,0.218200,0.217093
0.000083125,0.083125,0.221600,0.219751
0.000083250,0.083250,0.223400,0.222230
0.000083375,0.083375,0.226200,0.224515
0.000083500,0.083500,0.228000,0.226579
0.000083625,0.083625,0.229800,0.228437
0.000083750,0.083750,0.231600,0.230110
0.000083875,0.083875,0.233400,0.231560
0.000084000,0.084000,0.234800,0.232784
0.000084125,0.084125,0.235600,0.233768
0.000084250,0.084250,0.236200,0.234522
0.000084375,0.084375,0.236800,0.235071
0.000084500,0.084500,0.237200,0.235424
0.000084625,0.084625,0.237600,0.235547
0.000084750,0.084750,0.237400,0.235462
0.000084875,0.084875,0.236600,0.235159
0.000085000,0.085000,0.236200,0.234659
0.000085125,0.085125,0.235200,0.233949
0.000085250,0.085250,0.234200,0.233061
0.000085375,0.085375,0.233000,0.232006
0.000085500,0.085500,0.231600,0.230778
0.000085625,0.085625,0.230400,0.229405
0.000085750,0.085750,0.228800,0.227886
0.000085875,0.085875,0.226800,0.226229
0.000086000,0.086000,0.224600,0.224451
0.000086125,0.086125,0.222800,0.222580
0.000086250,0.086250,0.220800,0.220593
0.000086375,0.086375,0.218200,0.218551
0.000086500,0.086500,0.216200,0.216417
0.000086625,0.086625,0.214400,0.214248
0.000086750,0.086750,0.211800,0.212023
0.000086875,0.086875,0.209000,0.209775
0.000087000,0.087000,0.207000,0.207532
0.000087125,0.087125,0.204400,0.205288
0.000087250,0.087250,0.202200,0.203067
0.000087375,0.087375,0.200400,0.200863
0.000087500,0.087500,0.198200,0.198685
0.000087625,0.087625,0.195400,0.196561
0.000087750,0.087750,0.193600,0.194498
0.000087875,0.087875,0.191400,0.192523
0.000088000,0.088000,0.189600,0.190625
0.000088125,0.088125,0.187800,0.188796
0.000088250,0.088250,0.186400,0.187076
0.000088375,0.088375,0.184600,0.185438
0.000088500,0.088500,0.182800,0.183919
0.000088625,0.088625,0.181600,0.182512
0.000088750,0.088750,0.180000,0.181227
0.000088875,0.088875,0.178800,0.180057
0.000089000,0.089000,0.178000,0.179007
0.000089125,0.089125,0.177400,0.178084
0.000089250,0.089250,0.176200,0.177275
0.000089375,0.089375,0.175800,0.176601
0.000089500,0.089500,0.175200,0.176066
0.000089625,0.089625,0.175000,0.175652
0.000089750,0.089750,0.174600,0.175369
0.000089875,0.089875,0.174800,0.175231
0.000090000,0.090000,0.174600,0.175200
0.000090125,0.090125,0.174200,0.175278
0.000090250,0.090250,0.174800,0.175478
0.000090375,0.090375,0.175000,0.175783
0.000090500,0.090500,0.175600,0.176204
0.000090625,0.090625,0.176400,0.176741
0.000090750,0.090750,0.177000,0.177386
0.000090875,0.090875,0.177800,0.178099
0.000091000,0.091000,0.178400,0.178922
0.000091125,0.091125,0.179400,0.179821
0.000091250,0.091250,0.180600,0.180805
0.000091375,0.091375,0.181400,0.181858
0.000091500,0.091500,0.183000,0.182985
0.000091625,0.091625,0.183800,0.184168
0.000091750,0.091750,0.185000,0.185375
0.000091875,0.091875,0.186000,0.186630
0.000092000,0.092000,0.187800,0.187907
0.000092125,0.092125,0.189400,0.189208
0.000092250,0.092250,0.190600,0.190528
0.000092375,0.092375,0.192200,0.191876
0.000092500,0.092500,0.193600,0.193210
0.000092625,0.092625,0.194800,0.194551
0.000092750,0.092750,0.196000,0.195879
0.000092875,0.092875,0.197400,0.197200
0.000093000,0.093000,0.198600,0.198488
0.000093125,0.093125,0.200200,0.199762
0.000093250,0.093250,0.201400,0.200985
0.000093375,0.093375,0.202800,0.202146
0.000093500,0.093500,0.204000,0.203269
0.000093625,0.093625,0.205000,0.204328
0.000093750,0.093750,0.206200,0.205335
0.000093875,0.093875,0.207000,0.206283
0.000094000,0.094000,0.208200,0.207154
0.000094125,0.094125,0.208600,0.207953
0.000094250,0.094250,0.209400,0.208668
0.000094375,0.094375,0.209800,0.209316
0.000094500,0.094500,0.210400,0.209876
0.000094625,0.094625,0.210800,0.210355
0.000094750,0.094750,0.211000,0.210764
0.000094875,0.094875,0.211800,0.211097
0.000095000,0.095000,0.212000,0.211318
0.000095125,0.095125,0.212200,0.211445
0.000095250,0.095250,0.212200,0.211498
0.000095375,0.095375,0.212400,0.211481
0.000095500,0.095500,0.212000,0.211389
0.000095625,0.095625,0.212000,0.211218
0.000095750,0.095750,0.211600,0.210981
0.000095875,0.095875,0.211200,0.210669
0.000096000,0.096000,0.210600,0.210279
0.000096125,0.096125,0.210200,0.209836
0.000096250,0.096250,0.209400,0.209326
0.000096375,0.096375,0.209000,0.208763
0.000096500,0.096500,0.208400,0.208151
0.000096625,0.096625,0.207600,0.207496
0.000096750,0.096750,0.207000,0.206809
0.000096875,0.096875,0.206000,0.206084
0.000097000,0.097000,0.205200,0.205336
0.000097125,0.097125,0.204600,0.204562
0.000097250,0.097250,0.203800,0.203788
0.000097375,0.097375,0.203000,0.202980
0.000097500,0.097500,0.201800,0.202165
0.000097625,0.097625,0.201400,0.201339
0.000097750,0.097750,0.200200,0.200516
0.000097875,0.097875,0.199400,0.199681
0.000098000,0.098000,0.197800,0.198854
0.000098125,0.098125,0.197800,0.198055
0.000098250,0.098250,0.197000,0.197277
0.000098375,0.098375,0.196400,0.196525
0.000098500,0.098500,0.195600,0.195795
0.000098625,0.098625,0.194600,0.195091
0.000098750,0.098750,0.194200,0.194420
0.000098875,0.098875,0.193400,0.193791
0.000099000,0.099000,0.192800,0.193195
0.000099125,0.099125,0.192400,0.192646
0.000099250,0.099250,0.191600,0.192132
0.000099375,0.099375,0.191200,0.191672
0.000099500,0.099500,0.191000,0.191235
0.000099625,0.099625,0.190600,0.190849
0.000099750,0.099750,0.190400,0.190523
0.000099875,0.099875,0.190000,0.190240
0.000100000,0.100000,0.189800,0.190003
0.000100125,0.100125,0.189600,0.189812
0.000100250,0.100250,0.189400,0.189673
0.000100375,0.100375,0.189000,0.189581
0.000100500,0.100500,0.189200,0.189548
0.000100625,0.100625,0.189200,0.189560
0.000100750,0.100750,0.189200,0.189616
0.000100875,0.100875,0.189200,0.189726
0.000101000,0.101000,0.189800,0.189864
0.000101125,0.101125,0.189800,0.190050
0.000101250,0.101250,0.190000,0.190251
0.000101375,0.101375,0.190200,0.190514
0.000101500,0.101500,0.190400,0.190804
0.000101625,0.101625,0.190800,0.191131
0.000101750,0.101750,0.191600,0.191501
0.000101875,0.101875,0.191800,0.191884
0.000102000,0.102000,0.192200,0.192306
0.000102125,0.102125,0.192800,0.192738
0.000102250,0.102250,0.193000,0.193193
0.000102375,0.102375,0.193600,0.193666
0.000102500,0.102500,0.193800,0.194152
0.000102625,0.102625,0.194800,0.194644
0.000102750,0.102750,0.195400,0.195144
0.000102875,0.102875,0.195600,0.195650
0.000103000,0.103000,0.196200,0.196167
0.000103125,0.103125,0.197000,0.196689
0.000103250,0.103250,0.197400,0.197198
0.000103375,0.103375,0.197800,0.197704
0.000103500,0.103500,0.198600,0.198210
0.000103625,0.103625,0.198800,0.198692
0.000103750,0.103750,0.199400,0.215364
0.000103875,0.103875,0.199600,0.224634
0.000104000,0.104000,0.200200,0.235558
0.000104125,0.104125,0.200800,0.241930
0.000104250,0.104250,0.201000,0.246935
0.000104375,0.104375,0.201400,0.247654
0.000104500,0.104500,0.201600,0.247243
0.000104625,0.104625,0.202200,0.306915
0.000104750,0.104750,0.202600,0.288217
0.000104875,0.104875,0.202400,0.199546
0.000105000,0.105000,0.202800,0.241503
0.000105125,0.105125,0.202800,0.096515
0.000105250,0.105250,0.203200,0.138779
0.000105375,0.105375,0.203200,0.204083
0.000105500,0.105500,0.203400,0.295458
0.000105625,0.105625,0.203200,0.195575
0.000105750,0.105750,0.203400,0.227210
0.000105875,0.105875,0.203600,0.156254
0.000106000,0.106000,0.203600,0.106652
0.000106125,0.106125,0.203400,0.057316
0.000106250,0.106250,0.203000,0.008397
0.000106375,0.106375,0.203200,-0.039959
0.000106500,0.106500,0.203000,-0.087623
0.000106625,0.106625,0.202400,-0.134453
0.000106750,0.106750,0.202200,-0.180299
0.000106875,0.106875,-0.406200,-0.225036
0.000107000,0.107000,-0.256000,-0.268514
0.000107125,0.107125,-0.409400,-0.310602
0.000107250,0.107250,-0.358000,-0.351150
0.000107375,0.107375,-0.409600,-0.390016
0.000107500,0.107500,-0.358400,-0.427070
0.000107625,0.107625,-0.409600,-0.462168
0.000107750,0.107750,-2.764800,-0.495174
0.000107875,0.107875,-0.407800,-0.525937
0.000108000,0.108000,2.150400,-0.554320
0.000108125,0.108125,-2.283600,-0.580203
0.000108250,0.108250,4.263600,-0.603427
0.000108375,0.108375,-1.851800,-0.623866
0.000108500,0.108500,-3.110800,-0.641367
0.000108625,0.108625,-4.728800,-0.655803
0.000108750,0.108750,1.503600,-0.667027
0.000108875,0.108875,-3.041600,-0.674914
0.000109000,0.109000,0.245000,-0.679312
0.000109125,0.109125,-0.409600,-0.680081
0.000109250,0.109250,-0.409600,-0.677089
0.000109375,0.109375,-0.409600,-0.670201
0.000109500,0.109500,-0.409600,-0.659288
0.000109625,0.109625,-0.409600,-0.644193
0.000109750,0.109750,-0.409600,-0.624790
0.000109875,0.109875,-0.409600,-0.600953
0.000110000,0.110000,-0.409600,-0.572535
0.000110125,0.110125,-0.409600,-0.559112
0.000110250,0.110250,-0.409600,-0.539608
0.000110375,0.110375,-0.409600,-0.522961
0.000110500,0.110500,-0.409600,-0.409317
0.000110625,0.110625,-0.409600,-0.421642
0.000110750,0.110750,-0.409600,-0.425787
0.000110875,0.110875,-0.409600,-0.427624
0.000111000,0.111000,-0.409600,-0.501604
0.000111125,0.111125,-0.409600,-0.509257
0.000111250,0.111250,-0.409600,-0.430583
0.000111375,0.111375,-0.409600,-0.476961
0.000111500,0.111500,-0.409600,-0.318630
0.000111625,0.111625,-0.409600,-0.327246
0.000111750,0.111750,-0.409600,-0.381172
0.000111875,0.111875,-0.409600,-0.500018
0.000112000,0.112000,-0.409600,-0.439757
0.000112125,0.112125,-0.409600,-0.513402
0.000112250,0.112250,-0.409600,-0.494050
0.000112375,0.112375,-0.409600,-0.490421
0.000112500,0.112500,-0.409600,-0.485160
0.000112625,0.112625,-0.409600,-0.478402
0.000112750,0.112750,-0.409600,-0.470220
0.000112875,0.112875,-0.409600,-0.460700
0.000113000,0.113000,-0.409600,-0.449955
0.000113125,0.113125,-0.409600,-0.438043
0.000113250,0.113250,-0.409600,-0.425080
0.000113375,0.113375,-0.409600,-0.411149
0.000113500,0.113500,-0.409600,-0.396322
0.000113625,0.113625,-3.942400,-0.380665
0.000113750,0.113750,0.045600,-0.364296
0.000113875,0.113875,-0.027800,-0.347271
0.000114000,0.114000,-0.013000,-0.329704
0.000114125,0.114125,-0.018000,-0.311619
0.000114250,0.114250,-0.022600,-0.293117
0.000114375,0.114375,-0.026400,-0.274275
0.000114500,0.114500,-0.030600,-0.255172
0.000114625,0.114625,-0.033800,-0.235896
0.000114750,0.114750,-0.037200,-0.216531
0.000114875,0.114875,-0.039800,-0.197090
0.000115000,0.115000,-0.042800,-0.177706
0.000115125,0.115125,-0.045600,-0.158427
0.000115250,0.115250,-0.048000,-0.139349
0.000115375,0.115375,-0.050200,-0.120493
0.000115500,0.115500,-0.052000,-0.101976
0.000115625,0.115625,-0.054200,-0.083828
0.000115750,0.115750,-0.054800,-0.066197
0.000115875,0.115875,-0.055800,-0.049078
0.000116000,0.116000,-0.056800,-0.032581
0.000116125,0.116125,-0.056800,-0.016790
0.000116250,0.116250,-0.057600,-0.001745
0.000116375,0.116375,-0.057200,0.012434
0.000116500,0.116500,-0.056600,0.025703
0.000116625,0.116625,-0.056200,0.037980
0.000116750,0.116750,-0.056200,0.049199
0.000116875,0.116875,-0.054800,-0.055221
0.000117000,0.117000,-0.054000,-0.052774
0.000117125,0.117125,-0.051800,-0.052109
0.000117250,0.117250,-0.051200,-0.050734
0.000117375,0.117375,-0.049800,-0.049195
0.000117500,0.117500,-0.048200,-0.047525
0.000117625,0.117625,-0.046400,-0.045681
0.000117750,0.117750,-0.044000,-0.043731
0.000117875,0.117875,-0.041000,-0.041644
0.000118000,0.118000,-0.040000,-0.039457
0.000118125,0.118125,-0.037000,-0.037123
0.000118250,0.118250,-0.034600,-0.034724
0.000118375,0.118375,-0.031400,-0.032238
0.000118500,0.118500,-0.029800,-0.029695
0.000118625,0.118625,-0.026800,-0.027098
0.000118750,0.118750,-0.025200,-0.024458
0.000118875,0.118875,-0.021000,-0.021782
0.000119000,0.119000,-0.019400,-0.019079
0.000119125,0.119125,-0.016600,-0.016381
0.000119250,0.119250,-0.013400,-0.013700
0.000119375,0.119375,-0.011400,-0.011022
0.000119500,0.119500,-0.007800,-0.008357
0.000119625,0.119625,-0.005200,-0.005761
0.000119750,0.119750,-0.002400,-0.003213
0.000119875,0.119875,0.000000,-0.000726
0.000120000,0.120000,0.002200,0.001679
0.000120125,0.120125,0.003600,0.004012
0.000120250,0.120250,0.007200,0.006253
0.000120375,0.120375,0.009200,0.008433
0.000120500,0.120500,0.011000,0.010479
0.000120625,0.120625,0.013600,0.012421
0.000120750,0.120750,0.014800,0.014223
0.000120875,0.120875,0.017200,0.015955
0.000121000,0.121000,0.018800,0.017552
0.000121125,0.121125,0.020800,0.019031
0.000121250,0.121250,0.021200,0.020339
0.000121375,0.121375,0.023200,0.021514
0.000121500,0.121500,0.023800,0.022562
0.000121625,0.121625,0.025000,0.023460
0.000121750,0.121750,0.025600,0.024199
0.000121875,0.121875,0.026200,0.024813
0.000122000,0.122000,0.025600,0.025215
0.000122125,0.122125,0.026000,0.025580
0.000122250,0.122250,0.026400,0.025715
0.000122375,0.122375,0.026400,0.025702
0.000122500,0.122500,0.026200,0.025566
0.000122625,0.122625,0.024600,0.025277
0.000122750,0.122750,0.025400,0.024898
0.000122875,0.122875,0.025200,0.024386
0.000123000,0.123000,0.024600,0.023780
0.000123125,0.123125,0.023600,0.023046
0.000123250,0.123250,0.023000,0.022202
0.000123375,0.123375,0.022000,0.021213
0.000123500,0.123500,0.020800,0.020170
0.000123625,0.123625,0.020000,0.019047
0.000123750,0.123750,0.018400,0.017830
0.000123875,0.123875,0.017800,0.016555
0.000124000,0.124000,0.014400,0.015225
0.000124125,0.124125,0.013400,0.013859
0.000124250,0.124250,0.012200,0.012444
0.000124375,0.124375,0.010600,0.010992
0.000124500,0.124500,0.009400,0.009494
0.000124625,0.124625,0.007200,0.008010
0.000124750,0.124750,0.006600,0.006512
0.000124875,0.124875,0.004600,0.004993
0.000125000,0.125000,0.002600,0.003469
0.000125125,0.125125,0.002200,0.001973
0.000125250,0.125250,-0.001600,0.000477
0.000125375,0.125375,-0.001400,-0.000994
0.000125500,0.125500,-0.002600,-0.002441
0.000125625,0.125625,-0.004000,-0.003874
0.000125750,0.125750,-0.005400,-0.005245
0.000125875,0.125875,-0.007200,-0.006641
0.000126000,0.126000,-0.008200,-0.007949
0.000126125,0.126125,-0.010000,-0.009168
0.000126250,0.126250,-0.010800,-0.010359
0.000126375,0.126375,-0.012000,-0.011481
0.000126500,0.126500,-0.012600,-0.012531
0.000126625,0.126625,-0.013600,-0.013506
0.000126750,0.126750,-0.014800,-0.014391
0.000126875,0.126875,-0.015400,-0.015208
0.000127000,0.127000,-0.015800,-0.015949
0.000127125,0.127125,-0.017400,-0.016570
0.000127250,0.127250,-0.018000,-0.017173
0.000127375,0.127375,-0.018400,-0.017692
0.000127500,0.127500,-0.018200,-0.018125
0.000127625,0.127625,-0.018800,-0.018485
0.000127750,0.127750,-0.019400,-0.018758
0.000127875,0.127875,-0.020000,-0.018958
0.000128000,0.128000,-0.019200,-0.018997
0.000128125,0.128125,-0.019000,-0.019013
0.000128250,0.128250,-0.019400,-0.018996
0.000128375,0.128375,-0.019800,-0.018858
0.000128500,0.128500,-0.019800,-0.018696
0.000128625,0.128625,-0.019200,-0.018429
0.000128750,0.128750,-0.018200,-0.018083
0.000128875,0.128875,-0.018600,-0.017668
0.000129000,0.129000,-0.017200,-0.017174
0.000129125,0.129125,-0.016800,-0.016628
0.000129250,0.129250,-0.017000,-0.016020
0.000129375,0.129375,-0.015200,-0.015369
0.000129500,0.129500,-0.014800,-0.014673
0.000129625,0.129625,-0.013800,-0.013931
0.000129750,0.129750,-0.013000,-0.013140
0.000129875,0.129875,-0.012800,-0.012334
0.000130000,0.130000,-0.011200,-0.011491
0.000130125,0.130125,-0.010400,-0.010611
0.000130250,0.130250,-0.010000,-0.009684
0.000130375,0.130375,-0.009000,-0.008787
0.000130500,0.130500,-0.007800,-0.007887
0.000130625,0.130625,-0.006800,-0.006959
0.000130750,0.130750,-0.005600,-0.006039
0.000130875,0.130875,-0.004400,-0.005131
0.000131000,0.131000,-0.003800,-0.004223
0.000131125,0.131125,-0.004800,-0.003356
0.000131250,0.131250,-0.002600,-0.002450
0.000131375,0.131375,-0.000600,-0.001582
0.000131500,0.131500,0.000000,-0.000767
0.000131625,0.131625,0.000200,0.000014
0.000131750,0.131750,0.001400,0.000761
0.000131875,0.131875,0.002200,0.001469
0.000132000,0.132000,0.003000,0.002173
0.000132125,0.132125,0.003200,0.002786
0.000132250,0.132250,0.003600,0.003360
0.000132375,0.132375,0.004200,0.003892
0.000132500,0.132500,0.004400,0.004348
0.000132625,0.132625,0.005200,0.004805
0.000132750,0.132750,0.005400,0.005217
0.000132875,0.132875,0.005800,0.005544
0.000133000,0.133000,0.006800,0.005833
0.000133125,0.133125,0.006600,0.006041
0.000133250,0.133250,0.006600,0.006209
0.000133375,0.133375,0.006200,0.006329
0.000133500,0.133500,0.006800,0.006386
0.000133625,0.133625,0.007000,0.006418
0.000133750,0.133750,0.006200,0.006376
0.000133875,0.133875,0.007000,0.006304
0.000134000,0.134000,0.007000,0.006177
0.000134125,0.134125,0.006200,0.006045
0.000134250,0.134250,0.006400,0.005844
0.000134375,0.134375,0.005000,0.005577
0.000134500,0.134500,0.005400,0.005289
0.000134625,0.134625,0.005600,0.004988
0.000134750,0.134750,0.004800,0.004635
0.000134875,0.134875,0.004000,0.004252
0.000135000,0.135000,0.003800,0.003846
0.000135125,0.135125,0.002600,0.003420
0.000135250,0.135250,0.002800,0.003016
0.000135375,0.135375,0.003000,0.002539
0.000135500,0.135500,0.002200,0.002053
0.000135625,0.135625,0.001800,0.001566
0.000135750,0.135750,0.000600,0.001038
0.000135875,0.135875,-0.000600,0.000504
0.000136000,0.136000,0.000200,-0.000023
0.000136125,0.136125,-0.000800,-0.000574
0.000136250,0.136250,-0.001000,-0.001104
0.000136375,0.136375,-0.001200,-0.001608
0.000136500,0.136500,-0.001800,-0.002143
0.000136625,0.136625,-0.002400,-0.002631
0.000136750,0.136750,-0.003800,-0.003134
0.000136875,0.136875,-0.003200,-0.003624
0.000137000,0.137000,-0.004200,-0.004115
0.000137125,0.137125,-0.004000,-0.004552
0.000137250,0.137250,-0.005400,-0.004954
0.000137375,0.137375,-0.005200,-0.005372
0.000137500,0.137500,-0.006800,-0.005731
0.000137625,0.137625,-0.006800,-0.006111
0.000137750,0.137750,-0.006800,-0.006471
0.000137875,0.137875,-0.006600,-0.006786
0.000138000,0.138000,-0.007400,-0.007083
0.000138125,0.138125,-0.007400,-0.007363
0.000138250,0.138250,-0.007600,-0.007619
0.000138375,0.138375,-0.009200,-0.007874
0.000138500,0.138500,-0.008000,-0.008079
0.000138625,0.138625,-0.008600,-0.008230
0.000138750,0.138750,-0.009200,-0.008372
0.000138875,0.138875,-0.008600,-0.008464
0.000139000,0.139000,-0.008400,-0.008571
0.000139125,0.139125,-0.009000,-0.008640
0.000139250,0.139250,-0.008200,-0.008653
0.000139375,0.139375,-0.008000,-0.008633
0.000139500,0.139500,-0.009000,-0.008600
0.000139625,0.139625,-0.007800,-0.008543
0.000139750,0.139750,-0.009600,-0.008413
0.000139875,0.139875,-0.008200,-0.008279
0.000140000,0.140000,-0.007800,-0.008151
0.000140125,0.140125,-0.007800,-0.007982
0.000140250,0.140250,-0.008000,-0.007801
0.000140375,0.140375,-0.008200,-0.007602
0.000140500,0.140500,-0.007400,-0.007388
0.000140625,0.140625,-0.008000,-0.007163
0.000140750,0.140750,-0.007600,-0.006910
0.000140875,0.140875,-0.006600,-0.006687
0.000141000,0.141000,-0.006400,-0.006433
0.000141125,0.141125,-0.006200,-0.006149
0.000141250,0.141250,-0.006000,-0.005835
0.000141375,0.141375,-0.005400,-0.005542
0.000141500,0.141500,-0.005000,-0.005241
0.000141625,0.141625,-0.004800,-0.004973
0.000141750,0.141750,-0.004600,-0.004661
0.000141875,0.141875,-0.003800,-0.004364
0.000142000,0.142000,-0.004000,-0.004114
0.000142125,0.142125,-0.002800,-0.003823
0.000142250,0.142250,-0.003600,-0.003515
0.000142375,0.142375,-0.003000,-0.003223
0.000142500,0.142500,-0.003400,-0.002926
0.000142625,0.142625,-0.002400,-0.002644
0.000142750,0.142750,-0.001600,-0.002351
0.000142875,0.142875,-0.003000,-0.002090
0.000143000,0.143000,-0.002200,-0.001901
0.000143125,0.143125,-0.002000,-0.001693
0.000143250,0.143250,-0.001400,-0.001486
0.000143375,0.143375,-0.001400,-0.001278
0.000143500,0.143500,-0.000400,-0.001102
0.000143625,0.143625,-0.001000,-0.000971
0.000143750,0.143750,0.000000,-0.000844
0.000143875,0.143875,-0.001600,-0.000734
0.000144000,0.144000,0.000200,-0.000658
0.000144125,0.144125,0.000000,-0.000577
0.000144250,0.144250,0.000000,-0.000502
0.000144375,0.144375,-0.001200,-0.000468
0.000144500,0.144500,0.000000,-0.000446
0.000144625,0.144625,0.000000,-0.000423
0.000144750,0.144750,-0.000200,-0.000411
0.000144875,0.144875,-0.000400,-0.000427
0.000145000,0.145000,-0.000400,-0.000447
0.000145125,0.145125,0.000600,-0.000480
0.000145250,0.145250,-0.000200,-0.000553
0.000145375,0.145375,-0.000800,-0.000603
0.000145500,0.145500,-0.001200,-0.000684
0.000145625,0.145625,-0.001000,-0.000773
0.000145750,0.145750,-0.000600,-0.000888
0.000145875,0.145875,-0.002600,-0.000985
0.000146000,0.146000,-0.001000,-0.001057
0.000146125,0.146125,-0.001000,-0.001200
0.000146250,0.146250,-0.001000,-0.001320
0.000146375,0.146375,-0.001200,-0.001463
0.000146500,0.146500,-0.002000,-0.001579
0.000146625,0.146625,-0.002000,-0.001726
0.000146750,0.146750,-0.001600,-0.001851
0.000146875,0.146875,-0.001600,-0.001999
0.000147000,0.147000,-0.002600,-0.002105
0.000147125,0.147125,-0.002200,-0.002292
0.000147250,0.147250,-0.002400,-0.002396
0.000147375,0.147375,-0.003000,-0.002523
0.000147500,0.147500,-0.002400,-0.002637
0.000147625,0.147625,-0.002800,-0.002794
0.000147750,0.147750,-0.003200,-0.002927
0.000147875,0.147875,-0.003400,-0.003049
0.000148000,0.148000,-0.003200,-0.003171
0.000148125,0.148125,-0.003800,-0.003305
0.000148250,0.148250,-0.003400,-0.003430
0.000148375,0.148375,-0.003000,-0.003488
0.000148500,0.148500,-0.003200,-0.003588
0.000148625,0.148625,-0.003600,-0.003695
0.000148750,0.148750,-0.003400,-0.003795
0.000148875,0.148875,-0.003600,-0.003872
0.000149000,0.149000,-0.003800,-0.003947
0.000149125,0.149125,-0.004400,-0.004096
0.000149250,0.149250,-0.004000,-0.004177
0.000149375,0.149375,-0.004600,-0.004256
0.000149500,0.149500,-0.004200,-0.004314
0.000149625,0.149625,-0.005000,-0.004347
0.000149750,0.149750,-0.004400,-0.002487
0.000149875,0.149875,-0.004400,-0.003047
0.000150000,0.150000,-0.004400,-0.003688
0.000150125,0.150125,-0.005000,-0.004386
0.000150250,0.150250,-0.004000,-0.005136
0.000150375,0.150375,-0.005200,-0.005815
0.000150500,0.150500,-0.004600,-0.006501
0.000150625,0.150625,-0.005000,-0.007155
0.000150750,0.150750,-0.004800,-0.007704
0.000150875,0.150875,-0.004400,-0.008133
0.000151000,0.151000,-0.004600,-0.008467
0.000151125,0.151125,-0.004600,-0.008701
0.000151250,0.151250,-0.004200,-0.008766
0.000151375,0.151375,-0.004200,-0.008708
0.000151500,0.151500,-0.005200,-0.008498
0.000151625,0.151625,-0.004200,-0.008082
0.000151750,0.151750,-0.004200,-0.007488
0.000151875,0.151875,-0.004600,-0.006729
0.000152000,0.152000,-0.005000,-0.005792
0.000152125,0.152125,-0.004400,-0.004653
0.000152250,0.152250,-0.003600,-0.003343
0.000152375,0.152375,-0.004000,-0.001926
0.000152500,0.152500,-0.003600,-0.000307
0.000152625,0.152625,-0.003800,0.001477
0.000152750,0.152750,-0.004400,0.003390
0.000152875,0.152875,-0.076000,0.005422
0.000153000,0.153000,0.000200,0.007596
0.000153125,0.153125,0.005600,0.010041
0.000153250,0.153250,0.010800,0.012548
0.000153375,0.153375,0.015600,0.015101
0.000153500,0.153500,0.018200,0.017689
0.000153625,0.153625,0.023400,0.020295
0.000153750,0.153750,0.027600,0.022907
0.000153875,0.153875,0.031000,0.025511
0.000154000,0.154000,0.033200,0.028092
0.000154125,0.154125,0.036400,0.030638
0.000154250,0.154250,0.040000,0.033133
0.000154375,0.154375,0.041800,0.035565
0.000154500,0.154500,0.044400,0.037918
0.000154625,0.154625,0.047200,0.040180
0.000154750,0.154750,0.048200,0.042337
0.000154875,0.154875,0.049400,0.044374
0.000155000,0.155000,0.050600,0.046278
0.000155125,0.155125,0.051800,0.048034
0.000155250,0.155250,0.051400,0.049630
0.000155375,0.155375,0.051600,0.051050
0.000155500,0.155500,0.053200,0.052282
0.000155625,0.155625,0.052200,0.053311
0.000155750,0.155750,0.050800,0.054123
0.000155875,0.155875,0.051000,0.054704
0.000156000,0.156000,0.049800,0.055042
0.000156125,0.156125,0.048600,0.055121
